Questions:,,,,,,,Answers:
,,,,,,,
1. Can you suggest a budget smartphone with good battery life?,,,,,,,1. The Redmi Note series and Moto G Power are excellent budget smartphones with long battery life.
2. What's the best laptop for programming under $1000?,,,,,,,2. The Dell XPS 13 or MacBook Air M1 are great laptops for programming under $1000.
3. Which smartwatch is best for fitness tracking?,,,,,,,3. The Apple Watch Series 8 and Fitbit Charge 5 are highly recommended for fitness tracking.
4. What's the best DSLR camera for beginners?,,,,,,,4. The Canon EOS Rebel T7i or Nikon D3500 are top choices for beginner photographers.
5. Can you recommend a budget gaming mouse?,,,,,,,5. The Logitech G203 and Razer DeathAdder Essential are great budget gaming mice.
6. What’s the best noise-canceling headphones under $300?,,,,,,,6. The Sony WH-1000XM4 and Bose QuietComfort 35 II are excellent noise-canceling headphones under $300.
7. Which tablet is best for drawing and digital art?,,,,,,,7. The iPad Pro with Apple Pencil or Wacom Cintiq are great for digital art.
8. What’s the best action camera for sports recording?,,,,,,,8. The GoPro Hero 11 and DJI Osmo Action are top action cameras for sports.
9. What are the best wireless earbuds for Android users?,,,,,,,9. The Samsung Galaxy Buds Pro and Google Pixel Buds A are excellent wireless earbuds for Android.
10. Can you suggest a reliable external hard drive?,,,,,,,10. The Seagate Backup Plus and Western Digital My Passport are reliable external hard drives.
11. What’s the best budget 4K TV for streaming?,,,,,,,11. The TCL 6-Series and Vizio M-Series offer excellent budget 4K TV options.
"12. Which gaming console should I buy, Xbox or PlayStation?",,,,,,,"12. If you prefer exclusive titles, go for PlayStation 5. For a more versatile game pass and backward compatibility, choose Xbox Series X."
13. What’s the best ergonomic keyboard for typing comfort?,,,,,,,13. The Logitech Ergo K860 and Microsoft Sculpt Ergonomic are great ergonomic keyboards.
14. What’s the best smart home hub for beginners?,,,,,,,14. The Amazon Echo and Google Nest Hub are beginner-friendly smart home hubs.
15. Can you recommend a budget-friendly soundbar?,,,,,,,15. The Vizio V-Series 2.1 and TCL Alto 6+ are great budget-friendly soundbars.
16. Which smartwatch works best with Android phones?,,,,,,,16. The Samsung Galaxy Watch 6 and Garmin Venu 2 are top choices for Android phones.
17. What’s the best mirrorless camera for travel?,,,,,,,17. The Sony Alpha a6400 and Fujifilm X-T4 are excellent mirrorless cameras for travel.
18. Which robot vacuum is best for pet hair?,,,,,,,18. The iRobot Roomba i7+ and Shark IQ Robot XL are great for pet hair cleanup.
19. What’s the best electric scooter for commuting?,,,,,,,19. The Xiaomi Mi Electric Scooter and Segway Ninebot Max are great electric scooters for commuting.
20. Can you recommend a portable Bluetooth speaker with good bass?,,,,,,,20. The JBL Charge 5 and Ultimate Ears Boom 3 are top picks for portable Bluetooth speakers with great bass.
21. What’s the best wireless gaming headset under $150?,,,,,,,21. The SteelSeries Arctis 7 and HyperX Cloud II Wireless are excellent choices under $150.
22. Which DSLR camera is best for wildlife photography?,,,,,,,22. The Nikon D850 and Canon EOS 90D are ideal for wildlife photography.
23. What’s the best mechanical keyboard for gaming?,,,,,,,23. The Razer Huntsman Elite and Corsair K95 RGB Platinum are excellent mechanical gaming keyboards.
24. Can you recommend a durable fitness tracker for swimmers?,,,,,,,24. The Garmin Swim 2 and Fitbit Charge 5 are great fitness trackers for swimming.
25. What’s the best 4K monitor for gaming?,,,,,,,25. The ASUS TUF Gaming VG289Q and LG 27GN950-B are great 4K gaming monitors.
26. What’s the best home security camera system?,,,,,,,26. The Arlo Pro 4 and Ring Spotlight Cam are highly recommended home security cameras.
27. Which tablet is best for kids’ education and entertainment?,,,,,,,27. The Amazon Fire HD 10 Kids Edition and iPad Mini are great tablets for kids.
28. What’s the best budget DSLR camera for video recording?,,,,,,,28. The Canon EOS Rebel SL3 and Nikon D5600 are great budget DSLRs for video recording.
29. Can you recommend a high-quality streaming microphone?,,,,,,,29. The Blue Yeti and Elgato Wave:3 are excellent streaming microphones.
30. What’s the best laptop for video editing under $1500?,,,,,,,30. The MacBook Pro M1 and Dell XPS 15 are excellent laptops for video editing under $1500.
31. Which wireless charger is best for iPhones?,,,,,,,31. The Apple MagSafe Charger and Anker PowerWave are top choices for iPhone wireless charging.
32. What’s the best all-in-one printer for home use?,,,,,,,32. The HP OfficeJet Pro 9015e and Brother MFC-L2750DW are great all-in-one printers for home use.
33. What’s the best budget drone for beginners?,,,,,,,33. The DJI Mini 2 and Ryze Tello are excellent budget drones for beginners.
34. What’s the best graphics card for gaming under $500?,,,,,,,34. The NVIDIA RTX 3060 and AMD Radeon RX 6700 XT are great choices for gaming under $500.
35. Which soundbar is best for a home theater experience?,,,,,,,35. The Sonos Arc and Samsung HW-Q950A are top picks for a home theater experience.
36. What’s the best wireless mouse for productivity?,,,,,,,36. The Logitech MX Master 3 and Microsoft Surface Precision Mouse are great wireless mice for productivity.
37. What’s the best noise-canceling true wireless earbuds?,,,,,,,37. The Sony WF-1000XM4 and Apple AirPods Pro are highly rated for noise-canceling.
38. Which camera is best for vlogging?,,,,,,,38. The Sony ZV-1 and Canon EOS M50 Mark II are great cameras for vlogging.
39. What’s the best 2-in-1 laptop for students?,,,,,,,39. The Lenovo Yoga 7i and HP Spectre x360 are great 2-in-1 laptops for students.
40. Can you recommend a good gaming chair under $200?,,,,,,,40. The GTRACING Gaming Chair and RESPAWN 110 are budget-friendly gaming chairs under $200.
41. What’s the best portable projector for movies?,,,,,,,41. The Anker Nebula Capsule and ViewSonic M1 Mini are excellent portable projectors.
42. What’s the best smartwatch for seniors?,,,,,,,"42. The Apple Watch SE and Fitbit Sense are great smartwatches for seniors, with health tracking features."
43. What’s the best budget smartphone for photography?,,,,,,,43. The Google Pixel 6a and OnePlus Nord 2 are top budget smartphones for photography.
44. Can you recommend a reliable kitchen appliance brand?,,,,,,,44. KitchenAid and Breville are highly regarded brands for kitchen appliances.
45. What’s the best smart thermostat for energy savings?,,,,,,,45. The Google Nest Learning Thermostat and Ecobee SmartThermostat are great options for energy savings.
46. Which laptop brand is most reliable for long-term use?,,,,,,,46. Lenovo ThinkPad and Apple MacBook are known for their reliability and long-term performance.
47. What’s the best portable gaming console?,,,,,,,47. The Nintendo Switch and Steam Deck are top choices for portable gaming.
48. What’s the best smart speaker for voice control?,,,,,,,48. The Amazon Echo (4th Gen) and Google Nest Audio are excellent smart speakers for voice control.
49. Which robot vacuum is best for hardwood floors?,,,,,,,49. The iRobot Roomba s9+ and Eufy RoboVac 11S are great for hardwood floors.
50. Can you recommend a durable power bank with fast charging?,,,,,,,50. The Anker PowerCore 10000 PD and RAVPower Portable Charger are reliable power banks with fast charging.
